<?xml version="1.0" encoding="UTF-8"?>
<!DOCTYPE suite SYSTEM "https://testng.org/testng-1.0.dtd">
<suite name="Suite" parallel="tests">

<parameter name="url" value="http://leaftaps.com/opentaps/control/main"></parameter>
<parameter name="username" value="Demosalesmanager"></parameter>
<parameter name="password" value="crmsfa"></parameter>

	<test thread-count="5" name="ChromeBrowserTesting" verbose="5">
	<parameter name="browser" value ="chrome"></parameter>
		<classes>
			<class name="week5.day2.EditLead" />
		
		</classes>
	</test> <!-- Test -->
	<!-- 
	<test thread-count="5" name="EdgeBrowserTesting" verbose="5">
	<parameter name="browser" value ="edge"></parameter>
		<classes>
			<class name="week5.day2.CreateLead" />
		
		</classes>
	</test> Test -->
</suite> <!-- Suite -->
